<?xml version="1.0" encoding="UTF-8"?>
<project-private xmlns="http://www.netbeans.org/ns/project-private/1">
    <editor-bookmarks xmlns="http://www.netbeans.org/ns/editor-bookmarks/2" lastBookmarkId="0"/>
    <open-files xmlns="http://www.netbeans.org/ns/projectui-open-files/2">
        <group>
            <file>file:/C:/Users/molu/Documents/NetBeansProjects/timeT_v5/src/timet/input.java</file>
            <file>file:/C:/Users/molu/Documents/NetBeansProjects/timeT_v5/src/timet/TimeT2.java</file>
            <file>file:/C:/Users/molu/Documents/NetBeansProjects/timeT_v5/src/timet/output.java</file>
            <file>file:/C:/Users/molu/Documents/NetBeansProjects/timeT_v5/src/timet/electives.java</file>
            <file>file:/C:/Users/molu/Documents/NetBeansProjects/timeT_v5/src/timet/el_input.java</file>
            <file>file:/C:/Users/molu/Documents/NetBeansProjects/timeT_v5/src/timet/TimeT.java</file>
            <file>file:/C:/Users/molu/Documents/NetBeansProjects/timeT_v5/src/timet/computeTimeTable.java</file>
            <file>file:/C:/Users/molu/Documents/NetBeansProjects/timeT_v5/src/timet/GUI.java</file>
            <file>file:/C:/Users/molu/Documents/NetBeansProjects/timeT_v5/src/timet/rgiit.java</file>
            <file>file:/C:/Users/molu/Documents/NetBeansProjects/timeT_v5/src/timet/reCheck.java</file>
            <file>file:/C:/Users/molu/Documents/NetBeansProjects/timeT_v5/src/timet/constructDS.java</file>
            <file>file:/C:/Users/molu/Documents/NetBeansProjects/timeT_v5/src/timet/Info_time.java</file>
        </group>
    </open-files>
</project-private>
